<?xml version="1.0" encoding="UTF-8"?>
<!DOCTYPE suite SYSTEM "https://testng.org/testng-1.0.dtd">
<suite name="Suite" verbose="1">
  <test thread-count="5" name="Test">
    <classes>
      <class name="mevan.RainbowCallsTest.FirstRainbowCallWithTabs"/>
       <class name="mevan.RainbowCallsTest.SecondRainbowCallWithTabs"/>
      <class name="mevan.RainbowCallsTest.ThirdRainbowCallWithTabs"/>
      <class name="mevan.RainbowCallsTest.FourthRainbowCallWithTabs"/>
     <class name="mevan.RainbowCallsTest.FifthRainbowCallWithTabs"/>
    </classes>
  </test> <!-- Test -->
</suite> <!-- Suite -->
